marque;modele;vertion;prix;nombre de place;nombre de porte;boite vitesse;CARROSSERIE;CYLINDRÉE;ENERGIE;TRANSMISSION;PUISSANCE FISCALE
Foday;F22Max;1.9LTID4Luxury;124800DT;5;4;Manuelle;Pickup;1855CM³;Diesel;Intégrale;6CV
Wallyscar;Wolf;1.5Turbo;118800DT;7;5;Automatique;SUV;1498CM³;Essence;Traction;9CV
Wallyscar;719;1.6LAtmos;47140DT;5;4;Manuelle;Berline;1298CM³;Essence;Traction;7CV
Volvo;XC90;2.0lRechargeUltimateBright;449900DT;7;5;Automatique;SUV;1969CM³;Essence|Hybriderechargeable;Intégrale;20CV
Volvo;XC90;2.0lUltimateBright;399900DT;7;5;Automatique;SUV;1969CM³;Essence|Hybrideléger;Intégrale;19CV
Volvo;S90;2.0lUltimateBright;269900DT;5;4;Automatique;Berline;1969CM³;Essence|Hybrideléger;Traction;15CV
Volvo;S90;2.0lPlusDark;244900DT;5;4;Automatique;Berline;1969CM³;Essence|Hybrideléger;Traction;15CV
Volvo;XC60;2.0lRechargeUltimateBright;354900DT;5;5;Automatique;SUV;1969CM³;Essence|Hybriderechargeable;Intégrale;20CV
Volvo;XC60;2.0lUltimateDark;299900DT;5;5;Automatique;SUV;1969CM³;Essence|Hybrideléger;Intégrale;15CV
Volvo;XC60;2.0lPlusDark;269900DT;5;5;Automatique;SUV;1969CM³;Essence|Hybrideléger;Intégrale;15CV
Volvo;S60;2.0lUltimateDark;214900DT;5;4;Automatique;Berline;1969CM³;Essence|Hybrideléger;Traction;11CV
Volvo;S60;2.0lPlusDark;194900DT;5;4;Automatique;Berline;1969CM³;Essence|Hybrideléger;Traction;11CV
Volvo;XC40;2.0LUltimateDark+;199900DT;5;5;Automatique;SUV;1969CM³;Essence|Hybrideléger;Traction;9CV
Volvo;XC40;2.0LUltimateDark;189900DT;5;5;Automatique;SUV;1969CM³;Essence|Hybrideléger;Traction;9CV
Volvo;XC40;2.0LPlusDark;174900DT;5;5;Automatique;SUV;1969CM³;Essence|Hybrideléger;Traction;9CV
Volkswagen;TransporterFourgon6.1;2LTDI;104980DT;3;4;Manuelle;Utilitaire;1968CM³;Diesel;Traction;7CV
Volkswagen;CaddyCargo;2.0LTDIMaxi;76980DT;2;4;Manuelle;Utilitaire;1968CM³;Diesel;Traction;7CV
Volkswagen;CaddyCargo;2.0LTDIBusiness;73980DT;2;4;Manuelle;Utilitaire;1968CM³;Diesel;Traction;7CV
Volkswagen;Amarok;2.0LTDI210ch4x4AventuraBVA;239980DT;5;4;Automatique;Pickup;1996CM³;Diesel;Intégrale;5CV
Volkswagen;Amarok;2.0LTDI170ch4x4LifeBVA;199980DT;5;4;Automatique;Pickup;1996CM³;Diesel;Intégrale;5CV
Volkswagen;CaddyCombi;1.6LMPIConfort;114980DT;5;4;Manuelle;Monospace;1598CM³;Essence;Traction;6CV
Volkswagen;Polo;1.0LTSILife;89980DT;5;5;Manuelle;Citadine;999CM³;Essence;Traction;5CV
Volkswagen;Polo;1.0LTSIDrive;82980DT;5;5;Manuelle;Citadine;999CM³;Essence;Traction;5CV
Volkswagen;T-Cross;1.0LToplineBVA;103980DT;5;5;Automatique;SUV;999CM³;Essence;Traction;7CV
Volkswagen;T-Cross;1.0LHighlineBVA;91980DT;5;5;Automatique;SUV;999CM³;Essence;Traction;7CV
Volkswagen;T-Cross;1.0LConfortline;73980DT;5;5;Manuelle;SUV;999CM³;Essence;Traction;6CV
Volkswagen;Virtus;1.0LTSIToplineBVA;85980DT;5;4;Automatique;Berline;999CM³;Essence;Traction;7CV
Volkswagen;Virtus;1.0LTSIHighlineBVA;78980DT;5;4;Automatique;Berline;999CM³;Essence;Traction;7CV
Volkswagen;Virtus;1.0LTSIConfortline;63980DT;5;4;Manuelle;Berline;999CM³;Essence;Traction;6CV
Toyota;HiaceVan;3.0LDiesel;79900DT;3;4;Manuelle;Utilitaire;2986CM³;Diesel;Propulsion;10CV
Toyota;Coaster;4.2LDiesel23places;232000DT;23;4;Manuelle;Utilitaire;4164CM³;Diesel;Propulsion;11CV
Toyota;HiluxSimpleCabine;2.4LDieselD-4D4x4;123800DT;2;2;Manuelle;Pickup;2393CM³;Diesel;Intégrale;8CV
Toyota;LandCruiser;4.2lDiesel4x4SimpleCabine;134800DT;2;2;Manuelle;Pickup;4164CM³;Diesel;Intégrale;11CV
Toyota;LandCruiser300;3.3LV6Bi-TurboDiesel4WDGR-Sport;568000DT;7;5;Automatique;SUV;3346CM³;Diesel;Intégrale;21CV
Toyota;LandCruiser300;3.3LV6Bi-TurboDiesel4WDVX;540000DT;7;5;Automatique;SUV;3346CM³;Diesel;Intégrale;21CV
Toyota;LandCruiser300;3.5LV6Bi-TurboEssence4WDVX;530000DT;7;5;Automatique;SUV;3445CM³;Essence;Intégrale;32CV
Toyota;Prado;2.8L4x4BVA;324000DT;7;5;Automatique;SUV;2755CM³;Diesel;Intégrale;13CV
Toyota;LandCruiser76;4.2l;224998DT;9;4;Manuelle;SUV;4164CM³;Diesel;Intégrale;11CV
Toyota;CorollaSedan;1.6LCVTBVA;111800DT;5;4;Automatique;Berline;1598CM³;Essence;Traction;7CV
Toyota;YarisHybride;1.5LCVTFrance;82000DT;5;5;Automatique;Citadine;1490CM³;Essence|Hybride;Traction;4CV
Tata;XenonX2DoubleCabine4x4;2.2lTurbo;81900DT;5;4;Manuelle;Pickup;2179CM³;Diesel;Intégrale;7CV
Tata;XenonX2DoubleCabine4x2;2.2lTurbo;74900DT;5;4;Manuelle;Pickup;2179CM³;Diesel;Propulsion;7CV
Tata;XenonX2SimpleCabine;2.2lTurbo;54900DT;2;2;Manuelle;Pickup;2179CM³;Diesel;Propulsion;7CV
Tata;SuperAceSimpleCabine;1.4LTurboDiesel;39900DT;2;2;Manuelle;Pickup;1396CM³;Diesel;Propulsion;5CV
Suzuki;Jimny;1.5LGL4x4BVA;104900DT;5;3;Automatique;SUV;1462CM³;Essence;Intégrale;6CV
Suzuki;Jimny;1.5LGL4x4;99900DT;5;3;Manuelle;SUV;1462CM³;Essence;Intégrale;6CV
Suzuki;Ertiga;1.5LGLX7placesBVA;83900DT;7;5;Automatique;Monospace;1462CM³;Essence;Traction;6CV
Suzuki;Ertiga;1.5LGLX7places;78900DT;7;5;Manuelle;Monospace;1462CM³;Essence;Traction;6CV
Suzuki;Baleno;1.5LGLXBVA;76900DT;5;5;Automatique;Compacte;1462CM³;Essence;Traction;6CV
Suzuki;Baleno;1.5LGLBVM;66900DT;5;5;Manuelle;Compacte;1462CM³;Essence;Traction;6CV
Suzuki;Ciaz;1.5GLXBVA;73900DT;5;4;Automatique;Berline;1462CM³;Essence;Traction;6CV
Suzuki;Ciaz;1.5LGLX;69900DT;5;4;Manuelle;Berline;1462CM³;Essence;Traction;6CV
Suzuki;Ciaz;1.5LGLBVA;67900DT;5;4;Automatique;Berline;1462CM³;Essence;Traction;6CV
Suzuki;Ciaz;1.5LGL;62900DT;5;4;Manuelle;Berline;1462CM³;Essence;Traction;6CV
Suzuki;Dzire;1.2LGLXPack;57400DT;5;4;Manuelle;Berline;1197CM³;Essence;Traction;5CV
Suzuki;Dzire;1.2LGL;54400DT;5;4;Manuelle;Berline;1197CM³;Essence;Traction;5CV
Suzuki;Swift;1.2LGLXPackBVA;61900DT;5;5;Automatique;Citadine;1197CM³;Essence;Traction;5CV
Suzuki;Swift;1.2LGLXPack;56900DT;5;5;Manuelle;Citadine;1197CM³;Essence;Traction;5CV
Suzuki;Swift;1.2LGLBVA;55900DT;5;5;Automatique;Citadine;1197CM³;Essence;Traction;5CV
Suzuki;Swift;1.2LGL;52400DT;5;5;Manuelle;Citadine;1197CM³;Essence;Traction;5CV
Suzuki;Celerio;1.0LGLBVA;49900DT;5;5;Automatique;Citadine;998CM³;Essence;Traction;4CV
Suzuki;CelerioPopulaire;1.0LGL;28471DT;5;5;Manuelle;Citadine;998CM³;Essence;Traction;4CV
Ssangyong;Rexton;2.2LDiesel5placesBVA;327300DT;5;5;Automatique;SUV;2157CM³;Diesel;Intégrale;12CV
Ssangyong;Torres;1.5LT-GDI4WDBVA;184580DT;5;5;Automatique;SUV;1497CM³;Essence;Intégrale;9CV
Ssangyong;Musso;2.2lDiesel4WDBVA;158645DT;5;4;Automatique;Pickup;2157CM³;Diesel;Intégrale;7CV
Ssangyong;Musso;2.2lDiesel4WD;136845DT;5;4;Manuelle;Pickup;2157CM³;Diesel;Intégrale;7CV
Ssangyong;Korando;1.5LGDILimitedBVA;126980DT;5;5;Automatique;SUV;1497CM³;Essence;Traction;9CV
Ssangyong;Tivoli;1.5TiLOVITBVA;104575DT;5;5;Automatique;SUV;1497CM³;Essence;Traction;8CV
Soueast;DX7;1.5TGDIDCT;124990DT;5;5;Automatique;SUV;1480CM³;Essence;Traction;9CV
Soueast;DX3;1.5TBVA;96990DT;5;5;Automatique;SUV;1499CM³;Essence;Traction;8CV
Soueast;DX3;1.5L;82990DT;5;5;Manuelle;SUV;1499CM³;Essence;Traction;6CV
Skoda;Kodiaq;1.4lTSIAmbition5placesDSG;163980DT;5;5;Automatique;SUV;1395CM³;Essence;Traction;9CV
Skoda;Karoq;1.4lTSIStyleEditionSpécialeBVA;151980DT;5;5;Automatique;SUV;1395CM³;Essence;Traction;8CV
Skoda;Karoq;1.4lTSIStyleBVA;151980DT;5;5;Automatique;SUV;1395CM³;Essence;Traction;8CV
Skoda;Karoq;1.4lTSIAmbitionBVA;142980DT;5;5;Automatique;SUV;1395CM³;Essence;Traction;8CV
Skoda;Superb;1.4TSISportlineDSG;164980DT;5;4;Automatique;Berline;1395CM³;Essence;Traction;8CV
Skoda;OctaviaRS;2.0TSIDSG;216980DT;5;4;Automatique;Berline;1984CM³;Essence;Traction;14CV
Skoda;Octavia;1.4TSIStyleBVA;135980DT;5;4;Automatique;Berline;1395CM³;Essence;Traction;8CV
Skoda;Octavia;1.4TSIAmbitionBVA;117980DT;5;4;Automatique;Berline;1395CM³;Essence;Traction;8CV
Skoda;Kamiq;1.0LTSIMonteCarloDSG;109980DT;5;5;Automatique;SUV;999CM³;Essence;Traction;6CV
Skoda;Kamiq;1.0LTSISelectionDSG;104980DT;5;5;Automatique;SUV;999CM³;Essence;Traction;6CV
Skoda;Kamiq;1.0LTSIEssenceDSG;91980DT;5;5;Automatique;SUV;999CM³;Essence;Traction;6CV
Skoda;Scala;1.0LTSIStyleDSG;94980DT;5;5;Automatique;Compacte;999CM³;Essence;Traction;6CV
Skoda;Scala;1.0LTSIAmbitionDSG;85980DT;5;5;Automatique;Compacte;999CM³;Essence;Traction;6CV
Skoda;Scala;1.0LTSIActiveDSG;81980DT;5;5;Automatique;Compacte;999CM³;Essence;Traction;6CV
Skoda;Kushaq;1.0TSIStyleBVA;89980DT;5;5;Automatique;SUV;999CM³;Essence;Traction;7CV
Skoda;Kushaq;1.0TSIAmbitionBVA;82980DT;5;5;Automatique;SUV;999CM³;Essence;Traction;7CV
Skoda;Kushaq;1.0TSIAmbition;76980DT;5;5;Manuelle;SUV;999CM³;Essence;Traction;6CV
Skoda;Fabia;1.0LMPIMonteCarlo;82480DT;5;5;Manuelle;Citadine;999CM³;Essence;Traction;4CV
Skoda;Fabia;1.0LMPISelection;71480DT;5;5;Manuelle;Citadine;999CM³;Essence;Traction;4CV
Skoda;Fabia;1.0LMPIEssence;66980DT;5;5;Manuelle;Citadine;999CM³;Essence;Traction;4CV
Seat;Tarraco;1.4LTSIFRBVA;166980DT;5;5;Automatique;SUV;1395CM³;Essence;Traction;9CV
Seat;Ateca;1.4LTSIFR;137980DT;5;5;Automatique;SUV;1395CM³;Essence;Traction;8CV
Seat;Ateca;1.4LTSIXperience;132980DT;5;5;Automatique;SUV;1395CM³;Essence;Traction;8CV
Seat;Ateca;1.4LTSIStyle;121980DT;5;5;Automatique;SUV;1395CM³;Essence;Traction;8CV
Seat;Leon;1.4TSIFR;118980DT;5;5;Automatique;Compacte;1395CM³;Essence;Traction;8CV
Seat;Leon;1.4TSIDynamic;99980DT;5;5;Automatique;Compacte;1395CM³;Essence;Traction;8CV
Seat;Arona;1.0TSIFR;97980DT;5;5;Automatique;SUV;999CM³;Essence;Traction;6CV
Seat;Arona;1.0TSIXperience;94980DT;5;5;Automatique;SUV;999CM³;Essence;Traction;6CV
Seat;Arona;1.0TSIStyle;87980DT;5;5;Automatique;SUV;999CM³;Essence;Traction;6CV
Seat;Ibiza;1.0LTSIFRBVA;87980DT;5;5;Automatique;Citadine;999CM³;Essence;Traction;6CV
Seat;Ibiza;1.0LTSIXcellenceBVA;84980DT;5;5;Automatique;Citadine;999CM³;Essence;Traction;6CV
Seat;Ibiza;1.0LTSIStyle;72980DT;5;5;Manuelle;Citadine;999CM³;Essence;Traction;6CV
Seat;Ibiza;1.0LTSIReferenceBVA;72980DT;5;5;Automatique;Citadine;999CM³;Essence;Traction;6CV
Renault;Master;2.3L13m3;89950DT;3;4;Manuelle;Utilitaire;2298CM³;Diesel;Traction;8CV
Renault;Master;2.3L10.8m3;87950DT;3;4;Manuelle;Utilitaire;2298CM³;Diesel;Traction;8CV
Renault;Master;2.3L8m3;84900DT;3;4;Manuelle;Utilitaire;2298CM³;Diesel;Traction;8CV
Renault;ExpressVan;1.5LdCi;56950DT;2;4;Manuelle;Utilitaire;1461CM³;Diesel;Traction;5CV
Renault;Austral;1.3L;139900DT;5;5;Automatique;SUV;1332CM³;Essence;Traction;8CV
Renault;MeganeSedan;1.3LTCE140BVA;109950DT;5;4;Automatique;Berline;1332CM³;Essence;Traction;8CV
Renault;MeganeSedan;1.3LTCE140;101650DT;5;4;Manuelle;Berline;1332CM³;Essence;Traction;8CV
Renault;Megane;1.3LTCE140;94950DT;5;5;Manuelle;Compacte;1332CM³;Essence;Traction;8CV
Renault;Clio;1.0LSCeLifePlus;60900DT;5;5;Manuelle;Citadine;999CM³;Essence;Traction;5CV
Porsche;911;Carrera;845000DT;4;2;Automatique;Coupé;2981CM³;Essence;Propulsion;26CV
Porsche;TaycanCrossTurismo;4;540000DT;5;5;AutomatiquePropulsion;Berline;2981CM³;Electrique;Intégrale;16CV
Porsche;Taycan;2S;463000DT;5;4;AutomatiquePropulsion;Berline;2981CM³;Electrique;Intégrale;16CV
Porsche;CayenneCoupé;3.0V6TiptronicSE-Hybrid;615000DT;5;5;Automatique;SUV;2995CM³;Essence;Intégrale;23CV
Porsche;Cayenne;3.0lV6TiptronicSE-Hybrid;600000DT;5;5;Automatique;SUV;2995CM³;Essence;Intégrale;20CV
Porsche;Macan;2.0l265chPDK;424000DT;5;5;Automatique;SUV;1984CM³;Essence;Intégrale;17CV
Peugeot;LandtrekDoubleCabine;1.9LDiesel4x4;100990DT;5;4;Manuelle;Pickup;1910CM³;Diesel;Intégrale;6CV
Peugeot;LandtrekDoubleCabine;1.9LDiesel4x2;90990DT;5;4;Manuelle;Pickup;1910CM³;Diesel;Propulsion;6CV
Peugeot;LandtrekSimpleCabine;1.9LDiesel4x2;74500DT;2;2;Manuelle;Pickup;1910CM³;Diesel;Propulsion;6CV
Peugeot;LandtrekSimpleCabine;1.9LDiesel4x2Bennetôlepliée;70500DT;2;2;Manuelle;Pickup;1910CM³;Diesel;Propulsion;6CV
Peugeot;BoxerDoubleCabine;Plateau350L2;109900DT;7;4;Manuelle;Utilitaire;2179CM³;Diesel;Traction;7CV
Peugeot;Boxer;335L3H2Fourgon;93900DT;3;4;Manuelle;Utilitaire;2179CM³;Diesel;Traction;7CV
Peugeot;Boxer;335L2H2Fourgon;91900DT;3;4;Manuelle;Utilitaire;2179CM³;Diesel;Traction;7CV
Peugeot;Boxer;335L1H1Fourgon;89900DT;3;4;Manuelle;Utilitaire;2179CM³;Diesel;Traction;7CV
Peugeot;Expert;2.0LHDI5.8m3;84900DT;3;4;Manuelle;Utilitaire;1997CM³;Diesel;Traction;9CV
Peugeot;Partner;1.6LHDI90ch1000Kg;65900DT;2;4;Manuelle;Utilitaire;1560CM³;Diesel;Traction;5CV
Peugeot;Partner;1.6LHDI90ch650Kg;64900DT;2;4;Manuelle;Utilitaire;1560CM³;Diesel;Traction;5CV
Peugeot;traveller;2.0LHDI9places;171900DT;9;4;Manuelle;Monospace;1997CM³;Diesel;Traction;8CV
Peugeot;ExpertCombi;2.0LHDI9places;151900DT;9;4;Manuelle;Monospace;1997CM³;Diesel;Traction;8CV
Peugeot;Rifter;1.6LHDI90chActivePack;100900DT;5;4;Manuelle;Monospace;1560CM³;Diesel;Traction;5CV
Peugeot;5008GT;1.6LTHP163CHBVA;186900DT;7;5;Automatique;SUV;1598CM³;Essence;Traction;9CV
Peugeot;408GT;1.6LEAT8;170900DT;5;4;Automatique;Berline;1598CM³;Essence;Traction;13CV
Peugeot;408;1.6LAllurePackEAT8;159900DT;5;4;Automatique;Berline;1598CM³;Essence;Traction;13CV
Peugeot;408;1.6LAllureEAT8;158900DT;5;4;Automatique;Berline;1598CM³;Essence;Traction;13CV
Peugeot;3008GT;1.6LBVA;166900DT;5;5;Automatique;SUV;1598CM³;Essence;Traction;9CV
Peugeot;3008;1.6LAllureBVA;146900DT;5;5;Automatique;SUV;1598CM³;Essence;Traction;9CV
Peugeot;308GT;1.2LPuretech130chBVA;120900DT;5;5;Automatique;Compacte;1199CM³;Essence;Traction;7CV
Peugeot;308;1.2LPuretech130chAllureEAT8;108900DT;5;5;Automatique;Compacte;1199CM³;Essence;Traction;7CV
Peugeot;2008GT;1.2LPuretech130BVA;111900DT;5;5;Automatique;SUV;1199CM³;Essence;Traction;7CV
Peugeot;2008;1.2LPuretech130AllureBVA;104900DT;5;5;Automatique;SUV;1199CM³;Essence;Traction;7CV
Peugeot;2008;1.2LPuretech130ActiveBVA;97900DT;5;5;Automatique;SUV;1199CM³;Essence;Traction;7CV
Peugeot;208Populaire;1.2LLike;35433DT;5;5;Manuelle;Citadine;1199CM³;Essence;Traction;4CV
Opel;ComboCargo;XL1.6LDieselConfortL2H11000kg;67900DT;2;4;Manuelle;Utilitaire;1560CM³;Diesel;Traction;5CV
Opel;ComboCargo;1.6LDieselConfortL1H1650kg;64900DT;2;4;Manuelle;Utilitaire;1560CM³;Diesel;Traction;5CV
Opel;Astra;1.2LGS;114900DT;5;5;Automatique;Compacte;1199CM³;Essence;Traction;7CV
Opel;Astra;1.2LElegance;105900DT;5;5;Automatique;Compacte;1199CM³;Essence;Traction;7CV
Opel;Mokka;1.2LTurbo130chAT8GS;111900DT;5;5;Automatique;SUV;1199CM³;Essence;Traction;7CV
Opel;Mokka;1.2LTurbo130chAT8Elegance;104900DT;5;5;Automatique;SUV;1199CM³;Essence;Traction;7CV
Opel;Mokka;1.2LTurbo130chAT8EleganceLimited;96900DT;5;5;Automatique;SUV;1199CM³;Essence;Traction;7CV
Opel;Crossland;1.2L110chAT6Elegance;91900DT;5;5;Automatique;SUV;1199CM³;Essence;Traction;6CV
Opel;Crossland;1.2L110chAT6Edition;82900DT;5;5;Automatique;SUV;1199CM³;Essence;Traction;6CV
Opel;Corsa;1.2TurboGSLine;76900DT;5;5;Manuelle;Citadine;1199CM³;Essence;Traction;6CV
Opel;Corsa;1.2TurboEdition;72900DT;5;5;Manuelle;Citadine;1199CM³;Essence;Traction;6CV
Nissan;Qashqai;1.3LTeknaHigh;148500DT;5;5;Automatique;SUV;1332CM³;Essence;Traction;8CV
Nissan;Qashqai;1.3LTekna;144500DT;5;5;Automatique;SUV;1332CM³;Essence;Traction;8CV
Nissan;Qashqai;1.3LN-connecta;143500DT;5;5;Automatique;SUV;1332CM³;Essence;Traction;8CV
Nissan;Juke;1.0LDIG-TDCTTeknaPerso;97400DT;5;5;Automatique;SUV;999CM³;Essence;Traction;6CV
Nissan;Juke;1.0LDIG-TDCTTekna;96400DT;5;5;Automatique;SUV;999CM³;Essence;Traction;6CV
Nissan;Juke;1.0LDIG-TTekna;89400DT;5;5;Manuelle;SUV;999CM³;Essence;Traction;6CV
Mitsubishi;PajeroSport;2.4lDiDPremiumBVA;267770DT;7;5;Automatique;SUV;2442CM³;Diesel;Intégrale;11CV
Mitsubishi;PajeroSport;2.4lDiDBusiness;243567DT;7;5;Manuelle;SUV;2442CM³;Diesel;Intégrale;11CV
Mitsubishi;Pajero;2.8l;196500DT;7;5;Manuelle;SUV;2835CM³;Diesel;Intégrale;11CV
Mitsubishi;EclipseCross;1.5T-MIVECCVT;107000DT;5;5;Automatique;SUV;1499CM³;Essence;Traction;8CV
Mitsubishi;ASX;2.0LBVA;131700DT;5;5;Automatique;SUV;1998CM³;Essence;Intégrale;9CV
Mitsubishi;AttragePopulaire;1.2LGLXBVM;34662DT;5;4;Manuelle;Berline;1193CM³;Essence;Traction;4CV
MG;RX8;2.0TAWDLuxePlus;174950DT;7;5;Automatique;SUV;1995CM³;Essence;Intégrale;16CV
MG;e-HS;1.5lhybriderechargeableLuxuryPlus;149950DT;5;5;Automatique;SUV;1490CM³;Essence;Traction;9CV
MG;HS;1.5Trophy;119950DT;5;5;Automatique;SUV;1490CM³;Essence;Traction;9CV
MG;e-ZS;Electrique;116950DT;5;5;Traction;SUV;1490CM³;Electrique;Traction;9CV
MG;6;1.5Trophy;99950DT;5;5;Automatique;Berline;1490CM³;Essence;Traction;9CV
MG;ZS;1.3TTrophyBVA;95950DT;5;5;Automatique;SUV;1349CM³;Essence;Traction;9CV
MG;ZS;1.5LLuxuryBVA;85950DT;5;5;Automatique;SUV;1498CM³;Essence;Traction;7CV
MG;ZS;1.5LLuxury;79950DT;5;5;Manuelle;SUV;1498CM³;Essence;Traction;7CV
MG;GT;1.5TSport7DCT;94950DT;5;4;Automatique;Berline;1498CM³;Essence;Traction;9CV
MG;GT;1.5lCVTLuxury;84950DT;5;4;Automatique;Berline;1498CM³;Essence;Traction;7CV
MG;GT;1.5lLuxuryBVM;79950DT;5;4;Manuelle;Berline;1498CM³;Essence;Traction;7CV
MG;5;1.5LLuxeBVA;71950DT;5;4;Automatique;Berline;1498CM³;Essence;Traction;7CV
MG;5;1.5LConfortPlus;66950DT;5;4;Manuelle;Berline;1498CM³;Essence;Traction;6CV
MG;5;1.5LConfort;62950DT;5;4;Manuelle;Berline;1498CM³;Essence;Traction;6CV
MG;3;1.5LConfortPlusBVA;68950DT;5;5;Automatique;Citadine;1498CM³;Essence;Traction;7CV
MG;3;1.5LConfortPlus;62950DT;5;5;Manuelle;Citadine;1498CM³;Essence;Traction;6CV
Mercedes-Benz;GLECoupé;300d4MaticAMG;488000DT;5;5;Automatique;SUV;1993CM³;Diesel|Hybrideléger;Intégrale;12CV
Mercedes-Benz;GLE;300d4MaticAMG;468000DT;5;5;Automatique;SUV;1993CM³;Diesel|Hybrideléger;Intégrale;12CV
Mercedes-Benz;GLCPlug-inHybride;350e4MaticAMG;397000DT;5;5;Automatique;SUV;1999CM³;Essence|Hybriderechargeable;Intégrale;9CV
Mercedes-Benz;GLCCoupé;2004MaticAMG;335000DT;5;5;Automatique;SUV;1999CM³;Essence|Hybrideléger;Intégrale;12CV
Mercedes-Benz;CLECoupé;200AMG+;292000DT;4;2;Automatique;Coupé;1999CM³;Essence|Hybrideléger;Propulsion;12CV
Mercedes-Benz;GLC;2004MaticAMG;315000DT;5;5;Automatique;SUV;1999CM³;Essence|Hybrideléger;Intégrale;12CV
Mercedes-Benz;GLC;2004MaticAvantgarde;280000DT;5;5;Automatique;SUV;1999CM³;Essence|Hybrideléger;Intégrale;12CV
Mercedes-Benz;ClasseE;200AMG;319000DT;5;4;Automatique;Berline;1999CM³;Essence|Hybrideléger;Propulsion;12CV
Mercedes-Benz;ClasseE;200Exclusive;289000DT;5;4;Automatique;Berline;1999CM³;Essence|Hybrideléger;Propulsion;12CV
Mercedes-Benz;ClasseE;200Avantgarde;284000DT;5;4;Automatique;Berline;1999CM³;Essence|Hybrideléger;Propulsion;12CV
Mercedes-Benz;ClasseE;200Business;255000DT;5;4;Automatique;Berline;1999CM³;Essence|Hybrideléger;Propulsion;12CV
Mercedes-Benz;GLB;200AMG;218000DT;5;5;Automatique;SUV;1332CM³;Essence;Traction;9CV
Mercedes-Benz;ClasseCPlug-inHybride;350eAMG+;345000DT;5;4;Automatique;Berline;1999CM³;Essence|Hybriderechargeable;Propulsion;12CV
Mercedes-Benz;ClasseC;180AMG+;270000DT;5;4;Automatique;Berline;1496CM³;Essence|Hybrideléger;Propulsion;9CV
Mercedes-Benz;ClasseC;180AMG;253000DT;5;4;Automatique;Berline;1496CM³;Essence|Hybrideléger;Propulsion;9CV
Mercedes-Benz;ClasseC;180Premium;249000DT;5;4;Automatique;Berline;1496CM³;Essence|Hybrideléger;Propulsion;9CV
Mercedes-Benz;ClasseC;180Avantgarde;215000DT;5;4;Automatique;Berline;1496CM³;Essence|Hybrideléger;Propulsion;9CV
Mercedes-Benz;GLA;200AMG;216000DT;5;5;Automatique;SUV;1332CM³;Essence;Traction;9CV
Mercedes-Benz;GLA;200Progressive;198000DT;5;5;Automatique;SUV;1332CM³;Essence;Traction;9CV
Mercedes-Benz;CLA;200AMG;213000DT;5;4;Automatique;Berline;1332CM³;Essence;Traction;9CV
Mercedes-Benz;CLA;200Progressive;201000DT;5;4;Automatique;Berline;1332CM³;Essence;Traction;9CV
Mercedes-Benz;ClasseABerline;200AMG;190000DT;5;5;Automatique;Berline;1332CM³;Essence;Traction;9CV
Mercedes-Benz;ClasseABerline;200Premium;177000DT;5;5;Automatique;Berline;1332CM³;Essence;Traction;9CV
Mercedes-Benz;ClasseABerline;200Progressive;165000DT;5;5;Automatique;Berline;1332CM³;Essence;Traction;9CV
Mercedes-Benz;ClasseA;200AMG;189000DT;5;5;Automatique;Compacte;1332CM³;Essence;Traction;9CV
Mercedes-Benz;ClasseA;200Premium;175000DT;5;5;Automatique;Compacte;1332CM³;Essence;Traction;9CV
Mercedes-Benz;ClasseA;200Progressive;164000DT;5;5;Automatique;Compacte;1332CM³;Essence;Traction;9CV
Mahindra;Pick-upDC;2.2lDiesel4x2;77945DT;5;4;Manuelle;Pickup;2179CM³;Diesel;Propulsion;7CV
Mahindra;Pick-upSC;2.2lDiesel4x2PlateauSimple;60916DT;2;2;Manuelle;Pickup;2179CM³;Diesel;Propulsion;7CV
Mahindra;XUV300;1.2LW8.0;69065DT;5;5;Manuelle;SUV;1197CM³;Essence;Traction;6CV
Mahindra;XUV300;1.2LW8;63065DT;5;5;Manuelle;SUV;1197CM³;Essence;Traction;6CV
Mahindra;XUV300;1.2LW6;58065DT;5;5;Manuelle;SUV;1197CM³;Essence;Traction;6CV
Mahindra;KUV100;1.2lK8;43960DT;5;5;Manuelle;SUV;1198CM³;Traction;Traction;5CV
LandRover;RangeRover;4.4V8P530HSE;1054000DT;5;5;Automatique;SUV;4395CM³;Essence;Intégrale;43CV
LandRover;RangeRover;3.0LP460PHEVSE;723000DT;5;5;Automatique;SUV;2997CM³;Essence|Hybriderechargeable;Intégrale;16CV
LandRover;RangeRover;3.0LP400MHEVSE;702500DT;5;5;Automatique;SUV;2997CM³;Essence|Hybrideléger;Intégrale;24CV
LandRover;RangeRoverSport;3.0LP460PHEVSE;647000DT;5;5;Automatique;SUV;2997CM³;Essence|Hybriderechargeable;Intégrale;25CV
LandRover;RangeRoverSport;3.0LP400MHEVSE;607200DT;5;5;Automatique;SUV;2996CM³;Essence|Hybrideléger;Intégrale;29CV
LandRover;RangeRoverVelar;2.0lP250S;396500DT;5;5;Automatique;SUV;1998CM³;Essence;Intégrale;15CV
LandRover;Defender110;2.0LP300SE;413000DT;5;5;Automatique;SUV;1997CM³;Essence;Intégrale;21CV
LandRover;Defender110;3.0LP400S;364200DT;5;5;Automatique;SUV;2996CM³;Essence|Hybrideléger;Intégrale;29CV
LandRover;Defender90;2.0LP300X-DYNAMIXSE;398000DT;5;3;Automatique;SUV;1997CM³;Essence;Intégrale;21CV
LandRover;RangeRoverEvoque;2.0lP200DynamicSE;341700DT;5;5;Automatique;SUV;1997CM³;Essence;Intégrale;12CV
LandRover;RangeRoverEvoque;2.0lD163DynamicSE;340000DT;5;5;Automatique;SUV;1999CM³;Diesel;Intégrale;9CV
KIA;K2500;SimpleCabine;66990DT;3;2;Manuelle;Pickup;2497CM³;Diesel;Propulsion;8CV
KIA;Sorento;3.5V67PlacesBVA;279980DT;7;5;Automatique;SUV;3470CM³;Essence;Intégrale;19CV
KIA;Sorento;2.2LDiesel7placesBVA;274980DT;7;5;Automatique;SUV;2151CM³;Diesel;Intégrale;12CV
KIA;EV6;DualPower4WDGT-Line;239980DT;5;5;Automatique;SUV;2151CM³;Electrique;Intégrale;21CV
KIA;EV6;LongRangeGT-Line;219980DT;5;5;Automatique;SUV;2151CM³;Electrique;Propulsion;13CV
KIA;EV6;StandardRangeGT-Line;199980DT;5;5;Automatique;SUV;1580CM³;Electrique;Propulsion;9CV
KIA;NiroHybride;1.6LSX;149980DT;5;5;Automatique;SUV;1580CM³;Essence|Hybride;Traction;5CV
KIA;NiroHybride;1.6LEX;139980DT;5;5;Automatique;SUV;1580CM³;Essence|Hybride;Traction;5CV
KIA;XCeed;1.5T-GDI7DCTGT-Line;134980DT;5;5;Automatique;SUV;1482CM³;Essence;Traction;9CV
KIA;XCeed;1.5T-GDI7DCTSX;124980DT;5;5;Automatique;SUV;1482CM³;Essence;Traction;9CV
KIA;XCeed;1.5T-GDI7DCTEX;118480DT;5;5;Automatique;SUV;1482CM³;Essence;Traction;9CV
KIA;Seltos;1.4T-GDI;116980DT;5;5;Automatique;SUV;1353CM³;Essence;Traction;8CV
KIA;Stonic;1.0LT-GDiGT-LineBVA;92980DT;5;5;Automatique;SUV;998CM³;Essence|Hybrideléger;Traction;6CV
KIA;Stonic;1.0LT-GDiGT-LineBVM;84980DT;5;5;Manuelle;SUV;998CM³;Essence|Hybrideléger;Traction;6CV
KIA;Stonic;1.2LSXBVM;77980DT;5;5;Manuelle;SUV;1197CM³;Essence;Traction;5CV
KIA;Stonic;1.2LEXBVM;72980DT;5;5;Manuelle;SUV;1197CM³;Essence;Traction;5CV
KIA;Picanto;1.2LGT-LineBVA;57480DT;5;5;Automatique;Citadine;1197CM³;Essence;Traction;4CV
KIA;Picanto;1.2LLXBVA;52480DT;5;5;Automatique;Citadine;1197CM³;Essence;Traction;4CV
KIA;Picanto;1.2LSmart;49980DT;5;5;Manuelle;Citadine;1197CM³;Essence;Traction;5CV
KIA;Picanto;1.2LLX;47980DT;5;5;Manuelle;Citadine;1197CM³;Essence;Traction;5CV
KIA;PicantoPopulaire;1.0L;30935DT;5;5;Manuelle;Citadine;998CM³;Essence;Traction;4CV
Jeep;WranglerUnlimited;3.6LV6Rubicon;405000DT;5;5;Automatique;SUV;3604CM³;Essence;Intégrale;19CV
Jeep;WranglerUnlimited;2.0LRubicon;375000DT;5;5;Automatique;SUV;2000CM³;Essence;Intégrale;18CV
Jeep;Wrangler;2.0LRubicon;327000DT;5;3;Automatique;SUV;2000CM³;Essence;Intégrale;18CV
Jeep;Compass;1.3T4X2SMODELBVA;168000DT;5;5;Automatique;SUV;1332CM³;Essence;Traction;8CV
Jeep;Renegade;1.4Turbo4x2LimitedBVA;121500DT;5;5;Automatique;SUV;1368CM³;Essence;Traction;8CV
Jaguar;F-Pace;2.0T250R-DynamicS;399000DT;5;5;Automatique;SUV;1997CM³;Essence;Intégrale;16CV
Jaguar;E-Pace;2.0D163R-DynamicS;350000DT;5;5;Automatique;SUV;1998CM³;Diesel;Intégrale;12CV
Hyundai;Staria9places;2.2CRDI4WDLuxeBVA;280000DT;9;5;Automatique;Monospace;2199CM³;Diesel;Intégrale;11CV
Hyundai;Staria9places;2.2CRDI4WDBVA;210100DT;9;5;Automatique;Monospace;2199CM³;Diesel;Intégrale;11CV
Hyundai;Staria9places;2.2CRDI;190000DT;9;5;Manuelle;Monospace;2199CM³;Diesel;Traction;11CV
Hyundai;Staria11places;2.2CRDI;159600DT;11;5;Manuelle;Monospace;2199CM³;Diesel;Traction;8CV
Hyundai;PalisadeCalligraphy;3.5LGDI4x4BVA;350100DT;8;5;Automatique;SUV;3470CM³;Essence;Intégrale;19CV
Hyundai;PalisadeCalligraphy;2.2LTCi4x4BVA;350000DT;7;5;Automatique;SUV;2199CM³;Diesel;Intégrale;12CV
Hyundai;Palisade;2.2LCRDI4x4BVA;309950DT;7;5;Automatique;SUV;2199CM³;Diesel;Intégrale;12CV
Hyundai;SantaFe;2.2LCRDIHighGrade;280000DT;7;5;Automatique;SUV;2199CM³;Diesel;Intégrale;12CV
Hyundai;Ioniq5;77kWh4WDHG;210950DT;5;5;Automatique;SUV;1580CM³;Electrique;Intégrale;21CV
Hyundai;Ioniq5;58kWh2WDHG;168950DT;5;5;Automatique;SUV;1580CM³;Electrique;Propulsion;9CV
Hyundai;TucsonHybride;1.6lT-GDI2WDTopGradeBVA6;170000DT;5;5;Automatique;SUV;1598CM³;Essence|Hybride;Traction;9CV
Hyundai;Tucson;1.6lT-GDI7-DCT4WDTopGrade;180000DT;5;5;Automatique;SUV;1598CM³;Essence;Intégrale;10CV
Hyundai;Kona;1.6lT-GDI7-DCT4WDNLine;150000DT;5;5;Automatique;SUV;1598CM³;Essence;Intégrale;11CV
Hyundai;Kona;1.6lT-GDI7-DCT4WD;137000DT;5;5;Automatique;SUV;1598CM³;Essence;Intégrale;11CV
Hyundai;KonaElectric;39kWh;123950DT;5;5;AutomatiqueTraction;SUV;1580CM³;Electrique;Traction;11CV
Hyundai;KonaHybride;1.6lGDIHybrideBVA;130000DT;5;5;Automatique;SUV;1580CM³;Essence|Hybride;Traction;5CV
Hyundaii;30Fastback;1.0LT-GDIDCT-7;100000DT;5;4;Automatique;Berline;998CM³;Essence;Traction;7CV
Hyundaii;30;1.0LT-GDIDCT-7;100000DT;5;5;Automatique;Compacte;998CM³;Essence;Traction;7CV
Hyundai;Accent;1.4L;85000DT;5;4;Manuelle;Berline;1396CM³;Essence;Traction;6CV
Hyundai;Venue;1.0LTurboBVA;90000DT;5;5;Automatique;SUV;998CM³;Essence;Traction;7CV
Hyundai;Bayon;1.0LT-GDITopGradeBVA;90000DT;5;5;Automatique;SUV;998CM³;Essence;Traction;5CV
Hyundai;Bayon;1.2LTopGrade;78950DT;5;5;Manuelle;SUV;1197CM³;Essence;Traction;5CV
Hyundai;i20;1.0LT-GDIDCT-7HighGradeNLine;87950DT;5;5;Automatique;Citadine;998CM³;Essence;Traction;5CV
Hyundai;i20;1.0LT-GDIDCT-7HighGrade;77950DT;5;5;Automatique;Citadine;998CM³;Essence;Traction;5CV
Hyundai;i20;1.2LHighGrade;68950DT;5;5;Manuelle;Citadine;1197CM³;Essence;Traction;5CV
Hyundai;i20;1.2LGLS;63950DT;5;5;Manuelle;Citadine;1197CM³;Essence;Traction;5CV
Hyundai;Grandi10Sedan;1.2L;55000DT;5;4;Manuelle;Berline;1197CM³;Essence;Traction;5CV
Hyundai;Grandi10;1.2LHighGradeBVA;58600DT;5;5;Automatique;Citadine;1197CM³;Essence;Traction;5CV
Hyundai;Grandi10;1.2LHighGrade;54600DT;5;5;Manuelle;Citadine;1197CM³;Essence;Traction;5CV
Hyundai;Grandi10;1.2LGLS;50000DT;5;5;Manuelle;Citadine;1197CM³;Essence;Traction;5CV
Hyundai;Grandi10Populaire;1.0L;33809DT;5;5;Manuelle;Citadine;998CM³;Essence;Traction;4CV
Huanghai;N3;2.5LTurboDiesel4x4;114000DT;5;4;Manuelle;Pickup;2499CM³;Diesel;Intégrale;8CV
Honda;CivicHybride;2.0le-HEV;186990DT;5;4;Automatique;Berline;1993CM³;Essence|Hybride;Traction;7CV
Honda;Civic;1.5lCVT;159990DT;5;4;Automatique;Berline;1498CM³;Essence;Traction;10CV
Honda;HR-V;1.5LCVTEX;127990DT;5;5;Automatique;SUV;1498CM³;Essence;Traction;7CV
Honda;City;1.5LCVTLXSport+;82990DT;5;4;Automatique;Berline;1498CM³;Essence;Traction;6CV
Honda;City;1.5LCVTLXSport;81490DT;5;4;Automatique;Berline;1498CM³;Essence;Traction;6CV
Honda;City;1.5LCVTLX;78990DT;5;4;Automatique;Berline;1498CM³;Essence;Traction;6CV
Honda;Jazz;1.5Le-HEV;85990DT;5;5;Automatique;Citadine;1498CM³;Essence|Hybride;Traction;5CV
Haval;H6;1.5T7-DCT;129875DT;5;5;Automatique;SUV;1499CM³;Essence;Traction;8CV
Haval;Jolion;1.5T;100980DT;5;5;Automatique;SUV;1479CM³;Essence;Traction;9CV
GreatWall;Poer;2.0LDiesel4x4BVA;136570DT;5;5;Automatique;Pickup;1996CM³;Diesel;Intégrale;7CV
GreatWall;Poer;2.0LDiesel4x4;111990DT;5;5;Manuelle;Pickup;1996CM³;Diesel;Intégrale;11CV
GreatWall;Wingle5DoubleCabine;2.0LDiesel4x2;82975DT;5;4;Manuelle;Pickup;1996CM³;Diesel;Propulsion;7CV
Geely;Azkarra;1.5LTurboHybrid4WD;129800DT;5;5;Automatique;SUV;1477CM³;Essence|Hybrideléger;Intégrale;9CV
Geely;Coolray;1.5LTurboGF;98800DT;5;5;Automatique;SUV;1477CM³;Essence;Traction;10CV
Geely;Coolray;1.5LTurboGS;88800DT;5;5;Automatique;SUV;1477CM³;Essence;Traction;10CV
Geely;GX3Pro;1.5LCVT;68800DT;5;5;Automatique;SUV;1498CM³;Essence;Traction;6CV
GAC;GS3;1.3LBVA;79970DT;5;5;Automatique;SUV;1325CM³;Essence;Traction;7CV
GAC;GA4;1.5LBVA;67065DT;5;4;Automatique;Berline;1495CM³;Essence;Traction;6CV
Ford;TransitMinibus;Restylé2.2lD15Places;141000DT;15;4;Manuelle;Utilitaire;2198CM³;Diesel;Propulsion;6CV
Ford;TransitVan;2.2lD350LL3H2;98000DT;3;5;Manuelle;Utilitaire;2198CM³;Diesel;Traction;7CV
Ford;TransitVan;2.2lD330ML2H2;95500DT;3;5;Manuelle;Utilitaire;2198CM³;Diesel;Traction;7CV
Ford;TransitCustom;2.2LDiesel;87900DT;3;4;Manuelle;Utilitaire;2198CM³;Diesel;Traction;7CV
Ford;RangerRaptor;2.0LTDCI210ch4x4BVA;320000DT;5;4;Automatique;Pickup;1996CM³;Diesel;Intégrale;5CV
Ford;Ranger;2.0LTDCI210ch4x4WildtrakBVA;220000DT;5;4;Automatique;Pickup;1996CM³;Diesel;Intégrale;5CV
Ford;Ranger;2.0L170ch4x4XLTBVA;165000DT;5;4;Automatique;Pickup;1996CM³;Diesel;Intégrale;7CV
Ford;Everest;2.0LBi-TurboLimited7places;285000DT;7;5;Automatique;SUV;1996CM³;Diesel;Intégrale;13CV
Ford;Everest;2.0LBi-TurboXLT7places;257000DT;7;5;Automatique;SUV;1996CM³;Diesel;Intégrale;13CV
Ford;Kuga;1.5LEcoboostTitaniumBVA;145990DT;5;5;Automatique;SUV;1496CM³;Essence;Traction;10CV
Ford;Kuga;1.5LEcoboostTrendPlusBVA;116900DT;5;5;Automatique;SUV;1496CM³;Essence;Traction;8CV
Fiat;Ducato;2.2HDI13m3L2H2;94400DT;3;4;Manuelle;Utilitaire;2179CM³;Diesel;Traction;7CV
Fiat;Ducato;2.2HDI11.5m3L1H2;92400DT;3;4;Manuelle;Utilitaire;2179CM³;Diesel;Traction;7CV
Fiat;Ducato;2.2HDI8m3L1H1;90400DT;3;4;Manuelle;Utilitaire;2179CM³;Diesel;Traction;7CV
Fiat;Fiorino;1.3LMultijet;49200DT;2;4;Manuelle;Utilitaire;1248CM³;Diesel;Traction;5CV
Fiat;DobloCombi;1.2LDieselMaxi;90000DT;5;5;Manuelle;Monospace;1248CM³;Diesel;Traction;5CV
Fiat;DobloCombi;1.4L;80000DT;5;5;Manuelle;Monospace;1368CM³;Essence;Traction;6CV
Fiat;500XCross;1.4lMultiairBicoloreBVA;112000DT;5;5;Automatique;SUV;1368CM³;Essence;Traction;7CV
Fiat;500XCross;1.4lMultiairBVA;111000DT;5;5;Automatique;SUV;1368CM³;Essence;Traction;7CV
Fiat;TipoBerline;1.3LDieselEntry;83000DT;5;4;Manuelle;Berline;1248CM³;Diesel;Traction;5CV
Fiat;TipoBerline;1.4LEntryPlus;76000DT;5;4;Manuelle;Berline;1368CM³;Essence;Traction;5CV
Fiat;500;1.2LDolcevitaBVA;67500DT;4;3;Automatique;Citadine;1242CM³;Essence;Traction;4CV
Faw;BesturnX40;1.6L;84900DT;5;5;Automatique;SUV;1598CM³;Essence;Traction;6CV
Dongfeng;T5EVO;1.5LTurbo;118900DT;5;5;Automatique;SUV;1500CM³;Essence;Traction;9CV
Dongfeng;Rich6;2.5TurboDiesel4X4ToutesOptions;108500DT;5;4;Manuelle;Pickup;2498CM³;Diesel;Intégrale;8CV
Dongfeng;Rich6;2.5TurboDiesel4X4;104900DT;5;4;Manuelle;Pickup;2498CM³;Diesel;Intégrale;8CV
Dongfeng;Rich6;2.5TurboDiesel4X2;93900DT;5;4;Manuelle;Pickup;2498CM³;Diesel;Propulsion;8CV
Dongfeng;AX4;1.6LDCT;79900DT;5;5;Automatique;SUV;1556CM³;Essence;Traction;7CV
Dongfeng;AX4;1.6L;71900DT;5;5;Manuelle;SUV;1556CM³;Essence;Traction;7CV
DFSK;K02S;1.0lDoubleCabineDLX;41900DT;4;4;Manuelle;Pickup;1000CM³;Essence;Propulsion;5CV
DFSK;K02S;1.0lDoubleCabineSTD;39900DT;4;4;Manuelle;Pickup;1000CM³;Essence;Propulsion;5CV
DFSK;K01H;LargeCabine1.1lDLX;37900DT;2;2;Manuelle;Pickup;1050CM³;Essence;Propulsion;6CV
DFSK;K01H;LargeCabine1.1lSTD;35900DT;2;2;Manuelle;Pickup;1050CM³;Essence;Propulsion;6CV
DFSK;K01S;SimpleCabineDLX;31900DT;2;2;Manuelle;Pickup;1000CM³;Essence;Propulsion;5CV
DFSK;K01S;SimpleCabineSTD;29900DT;2;2;Manuelle;Pickup;1000CM³;Essence;Propulsion;5CV
DFSK;Glory580;1.5TLuxuryCVT;99900DT;7;5;Automatique;SUV;1499CM³;Essence;Traction;8CV
DFSK;Glory500;1.5CVT;83900DT;5;5;Automatique;SUV;1498CM³;Essence;Traction;7CV
Dacia;Duster;1.5LdCi4x2ConfortBVA;99990DT;5;5;Automatique;SUV;1461CM³;Diesel;Traction;6CV
Dacia;Duster;1.5LdCi4x4Confort;98950DT;5;5;Manuelle;SUV;1461CM³;Diesel;Intégrale;6CV
Dacia;Duster;1.5LdCi4x2Confort;88700DT;5;5;Manuelle;SUV;1461CM³;Diesel;Traction;5CV
Dacia;SanderoStepway;1.0LBVA;72990DT;5;5;Automatique;SUV;999CM³;Essence;Traction;6CV
Dacia;SanderoStepway;1.0L;62990DT;5;5;Manuelle;SUV;999CM³;Essence;Traction;6CV
Dacia;Logan;1.0LTCEÉcrantactile;62500DT;5;4;Manuelle;Berline;999CM³;Essence;Traction;5CV
Dacia;Logan;1.0LTCE;61500DT;5;4;Manuelle;Berline;999CM³;Essence;Traction;5CV
Dacia;Sandero;1.0LTCE;57450DT;5;5;Manuelle;Citadine;999CM³;Essence;Traction;5CV
Cupra;Formentor;2.0LTSI7ExclusiveDSG;190980DT;5;5;Automatique;SUV;1998CM³;Essence;Traction;11CV
Cupra;Leon;1.4TSISport;141980DT;5;5;Automatique;Compacte;1395CM³;Essence;Traction;8CV
Cupra;Leon;1.4TSI;131980DT;5;5;Automatique;Compacte;1395CM³;Essence;Traction;8CV
Chevrolet;Equinox;1.5TurboAWDBVA;148968DT;5;5;Automatique;SUV;1451CM³;Essence;Intégrale;10CV
Chevrolet;Captiva;1.5TurboCVT7places;106796DT;7;5;Automatique;SUV;1451CM³;Essence;Traction;9CV
Chevrolet;Captiva;1.5TurboCVT5places;98520DT;5;5;Automatique;SUV;1451CM³;Essence;Traction;9CV
Chevrolet;Groove;1.5LPremier;89825DT;5;5;Automatique;SUV;1485CM³;Essence;Traction;6CV
Chevrolet;Sonic;1.4LBVA;54778DT;5;5;Automatique;Citadine;1398CM³;Essence;Traction;6CV
Chery;Tiggo8Pro;1.6T-GDI7-DCT;129590DT;7;5;Automatique;SUV;1598CM³;Essence;Traction;11CV
Chery;Tiggo8;1.5TDCTLuxury;109880DT;7;5;Automatique;SUV;1498CM³;Essence;Traction;9CV
Chery;Tiggo7Pro;1.5TCVT;99580DT;5;5;Automatique;SUV;1498CM³;Essence;Traction;9CV
Chery;Tiggo3X;1.0LTurboCVTLuxury;65565DT;5;5;Automatique;SUV;998CM³;Essence;Traction;6CV
Chery;Tiggo1Xpopulaire;1.0LTurbo;34068DT;5;5;Manuelle;SUV;998CM³;Essence;Traction;4CV
Changan;Hunter;1.9LTurboDiesel4x4;122980DT;5;4;Manuelle;Pickup;1910CM³;Diesel;Intégrale;6CV
Changan;NewStarVan;1.2L;41500DT;2;4;Manuelle;Utilitaire;1243CM³;Essence;Propulsion;7CV
Changan;StarTruckDoubleCabine;1.2L;53000DT;5;4;Manuelle;Pickup;1243CM³;Essence;Propulsion;7CV
BYD;Tang;2.0LSupremeBVA;143900DT;7;5;Automatique;SUV;1999CM³;Essence;Traction;11CV
BMW;Série7;740iLaunchEdition;782900DT;5;4;Automatique;Berline;2998CM³;Essence|Hybrideléger;Propulsion;26CV
BMW;X5Hybride;45eX-DrivePackM;496400DT;5;5;Automatique;SUV;2998CM³;Essence|Hybriderechargeable;Intégrale;15CV
BMW;X3Hybride;30exDrivePackM;402200DT;5;5;Automatique;SUV;1995CM³;Essence|Hybriderechargeable;Intégrale;11CV
BMW;X3Hybride;30exDriveBusinessLine;355000DT;5;5;Automatique;SUV;1995CM³;Essence|Hybriderechargeable;Intégrale;11CV
BMW;X2;18iPackMSportX;203900DT;5;5;Automatique;SUV;1499CM³;Essence;Traction;8CV
BMW;X2;18iBusinessLine;181900DT;5;5;Automatique;SUV;1499CM³;Essence;Traction;8CV
BMW;X1Hybride;xDrive25ePackM;241900DT;5;5;Automatique;SUV;1499CM³;Essence|Hybriderechargeable;Intégrale;8CV
BMW;X1Hybride;xDrive25exLine;236900DT;5;5;Automatique;SUV;1499CM³;Essence|Hybriderechargeable;Intégrale;8CV
BMW;i4;eDrive40PackM;276900DT;5;5;Automatique;Berline;1499CM³;Electrique;Propulsion;22CV
BMW;i4;eDrive40BusinessLine;237900DT;5;5;Automatique;Berline;1499CM³;Electrique;Propulsion;22CV
Bestune;T77Pro;1.5lLuxuryBVA;113777DT;5;5;Automatique;SUV;1498CM³;Essence;Traction;9CV
Audi;E-tronGTQuattro;Quattro;390000DT;5;4;AutomatiqueIntégrale;Berline;1499CM³;Electrique;Traction;37CV
Audi;Q855TFSITiptronic;55TFSITiptronicQuattro;510000DT;5;5;Automatique;SUV;2995CM³;Essence|Hybrideléger;Intégrale;23CV
Audi;Q7;45TFSIQuattroS-Line7placesBVA;430000DT;7;5;Automatique;SUV;1984CM³;Essence;Intégrale;16CV
Audi;Q5Sportback;45TFSIQuattroS-Line;350000DT;5;5;Automatique;SUV;1984CM³;Essence;Intégrale;16CV
Audi;Q3Sportback;35TFSIBlackSeriesS-tronic;235000DT;5;5;Automatique;SUV;1498CM³;Essence;Traction;9CV
Audi;Q3Sportback;35TFSIBusinessLineS-tronic;206000DT;5;5;Automatique;SUV;1498CM³;Essence;Traction;9CV
Audi;Q3;35TFSITechAdvancedS-tronic;207000DT;5;5;Automatique;SUV;1498CM³;Essence;Traction;9CV
Audi;Q2;35TFSIS-LineBVA;166000DT;5;5;Automatique;SUV;1498CM³;Essence;Traction;8CV
Audi;A6;40TFSIS-Line;295000DT;5;4;Automatique;Berline;1984CM³;Essence|Hybrideléger;Traction;11CV
Audi;A5Sportback;35TFSIHighTechPlusS-tronic;240000DT;5;5;Automatique;Berline;1984CM³;Essence;Traction;8CV
Audi;A5Sportback;35TFSIS-LineSelectionS-tronic;230000DT;5;5;Automatique;Berline;1984CM³;Essence;Traction;8CV
Audi;A4;35TFSIBusinessLinePlusS-tronic;198000DT;5;4;Automatique;Berline;1984CM³;Essence;Traction;8CV
Audi;A3Sportback;35TFSIS-Line;169000DT;5;5;Automatique;Compacte;1395CM³;Essence;Traction;8CV
Audi;A3Sportback;35TFSIMidnightSeriesLtd;164000DT;5;5;Automatique;Compacte;1395CM³;Essence;Traction;8CV
Audi;A3Sportback;35TFSIAdvancedLine;154000DT;5;5;Automatique;Compacte;1395CM³;Essence;Traction;8CV
Audi;A3Berline;35TFSIBusinessExtended;156000DT;5;4;Automatique;Berline;1395CM³;Essence;Traction;8CV
Audi;A1Sportback;30TFSIS-LineBVA;125000DT;5;5;Automatique;Citadine;999CM³;Essence;Traction;6CV
Audi;A1Sportback;30TFSICityLineBVA;113000DT;5;5;Automatique;Citadine;999CM³;Essence;Traction;6CV
AlfaRomeo;Stelvio;2.0TurboBVAQ4;265000DT;5;5;Automatique;SUV;1995CM³;Essence;Intégrale;17CV
AlfaRomeo;Stelvio;2.0TurboSuperBVA;198000DT;5;4;Automatique;Berline;1995CM³;Essence;Propulsion;11CV
